{"mean": [24.163829803466797, 49.60190963745117, 30.404273986816406, 37.293739318847656, 101.74514770507812, 26.510009765625, 172.14999389648438, 102.31238555908203, 78.32780456542969, 35.81882095336914, 64.97598266601562, 53.87990188598633, 89.810302734375, 16.679298400878906, 35.549076080322266], "std": [1.8013447523117065, 3.1414356231689453, 3.8292391300201416, 3.1994166374206543, 10.91620922088623, 2.6109158992767334, 9.32893180847168, 9.137898445129395, 4.902462005615234, 2.69964861869812, 4.822151184082031, 5.23779296875, 12.632342338562012, 1.3982088565826416, 2.6609749794006348]}